Order_ID,Order_Date,Customer_ID,Channel,Product_Category,Units_Sold,Price,Customer_Type,Revenue,Marketing_Cost
ORD1001,2025-04-13,CUST112,Email,Home,1,166.51,New,166.51,2.23
ORD1002,2025-02-21,CUST135,Google Ads,Beauty,3,130.74,New,392.22,17.68
ORD1003,2025-04-03,CUST272,Email,Sports,3,75.13,Repeat,225.39,4.74
ORD1004,2025-01-15,CUST119,Instagram,Sports,1,132.3,New,132.3,14.48
ORD1005,2025-04-17,CUST363,Email,Home,3,114.87,Repeat,344.61,1.29
ORD1006,2025-03-13,CUST241,Instagram,Sports,1,96.7,Repeat,96.7,24.16
ORD1007,2025-03-02,CUST242,Email,Fashion,4,43.53,Repeat,174.12,5.71
ORD1008,2025-01-21,CUST191,Instagram,Home,2,179.59,New,359.18,20.7
ORD1009,2025-04-13,CUST387,Facebook Ads,Fashion,2,100.96,Repeat,201.92,21.86
ORD1010,2025-03-24,CUST314,Organic,Electronics,3,55.03,New,165.09,0.0
ORD1011,2025-03-28,CUST150,Google Ads,Fashion,1,86.2,New,86.2,18.89
ORD1012,2025-03-16,CUST252,Email,Electronics,1,94.54,New,94.54,5.81
ORD1013,2025-03-16,CUST285,Organic,Electronics,3,168.96,Repeat,506.88,0.0
ORD1014,2025-03-29,CUST162,Google Ads,Fashion,1,152.05,New,152.05,9.51
ORD1015,2025-04-27,CUST289,Google Ads,Home,4,158.47,New,633.88,15.31
ORD1016,2025-04-10,CUST224,Instagram,Sports,2,21.99,Repeat,43.98,9.51
ORD1017,2025-04-14,CUST249,Facebook Ads,Sports,3,94.91,Repeat,284.73,9.13
ORD1018,2025-01-24,CUST157,Facebook Ads,Electronics,3,106.64,New,319.92,8.25
ORD1019,2025-01-03,CUST279,Organic,Electronics,1,23.45,New,23.45,0.0
ORD1020,2025-01-22,CUST269,Facebook Ads,Home,3,66.77,Repeat,200.31,15.96
ORD1021,2025-02-22,CUST370,Email,Beauty,4,156.85,New,627.4,4.91
ORD1022,2025-01-02,CUST153,Facebook Ads,Fashion,1,44.68,New,44.68,15.25
ORD1023,2025-03-29,CUST200,Organic,Electronics,1,116.36,New,116.36,0.0
ORD1024,2025-04-18,CUST363,Facebook Ads,Sports,1,58.74,Repeat,58.74,8.35
ORD1025,2025-01-30,CUST152,Email,Home,1,22.18,Repeat,22.18,5.06
ORD1026,2025-02-07,CUST159,Instagram,Fashion,4,63.42,Repeat,253.68,17.72
ORD1027,2025-01-02,CUST207,Organic,Home,1,195.66,Repeat,195.66,0.0
ORD1028,2025-03-05,CUST104,Instagram,Fashion,3,164.28,New,492.84000000000003,12.76
ORD1029,2025-03-01,CUST202,Instagram,Fashion,4,192.72,New,770.88,18.48
ORD1030,2025-01-21,CUST295,Instagram,Electronics,2,107.81,New,215.62,10.2
ORD1031,2025-02-02,CUST361,Google Ads,Home,2,39.75,New,79.5,14.9
ORD1032,2025-03-17,CUST146,Google Ads,Home,3,118.63,New,355.89,26.35
ORD1033,2025-02-27,CUST243,Instagram,Sports,3,101.79,Repeat,305.37,10.81
ORD1034,2025-01-22,CUST368,Organic,Sports,4,171.98,New,687.92,0.0
ORD1035,2025-04-18,CUST223,Email,Electronics,2,37.65,Repeat,75.3,3.35
ORD1036,2025-03-30,CUST205,Email,Electronics,2,107.88,New,215.76,5.45
ORD1037,2025-02-18,CUST257,Facebook Ads,Beauty,2,47.01,New,94.02,17.32
ORD1038,2025-04-01,CUST246,Organic,Sports,2,78.44,New,156.88,0.0
ORD1039,2025-02-28,CUST244,Google Ads,Fashion,2,152.72,New,305.44,9.24
ORD1040,2025-02-11,CUST219,Instagram,Home,1,105.68,Repeat,105.68,7.95
ORD1041,2025-04-02,CUST374,Facebook Ads,Electronics,3,87.66,New,262.98,6.13
ORD1042,2025-03-01,CUST191,Email,Home,1,91.01,New,91.01,4.15
ORD1043,2025-03-21,CUST157,Google Ads,Home,2,102.7,New,205.4,16.95
ORD1044,2025-01-15,CUST328,Google Ads,Beauty,4,161.3,New,645.2,10.69
ORD1045,2025-03-03,CUST216,Instagram,Sports,4,180.58,New,722.32,24.16
ORD1046,2025-03-03,CUST378,Email,Electronics,2,191.96,Repeat,383.92,3.65
ORD1047,2025-02-16,CUST226,Organic,Home,2,161.64,Repeat,323.28,0.0
ORD1048,2025-03-03,CUST228,Google Ads,Electronics,4,76.77,New,307.08,12.84
ORD1049,2025-02-20,CUST157,Instagram,Fashion,1,143.86,Repeat,143.86,15.01
ORD1050,2025-04-18,CUST221,Organic,Beauty,1,98.77,New,98.77,0.0
ORD1051,2025-02-24,CUST100,Email,Fashion,2,65.84,New,131.68,4.4
ORD1052,2025-04-26,CUST338,Google Ads,Electronics,1,171.36,New,171.36,9.52
ORD1053,2025-03-05,CUST389,Organic,Electronics,4,26.92,New,107.68,0.0
ORD1054,2025-01-03,CUST195,Organic,Sports,1,182.32,New,182.32,0.0
ORD1055,2025-04-11,CUST225,Organic,Home,2,103.07,New,206.14,0.0
ORD1056,2025-02-20,CUST217,Google Ads,Home,4,134.7,New,538.8,13.49
ORD1057,2025-01-07,CUST147,Google Ads,Fashion,1,138.68,New,138.68,24.14
ORD1058,2025-01-21,CUST188,Facebook Ads,Beauty,3,181.12,New,543.36,13.35
ORD1059,2025-03-14,CUST336,Email,Home,4,134.6,Repeat,538.4,3.73
ORD1060,2025-02-08,CUST371,Instagram,Sports,4,130.51,New,522.04,13.66
ORD1061,2025-01-18,CUST288,Organic,Fashion,3,32.0,New,96.0,0.0
ORD1062,2025-01-04,CUST291,Facebook Ads,Fashion,3,113.31,New,339.93,6.7
ORD1063,2025-03-30,CUST168,Instagram,Sports,4,47.03,New,188.12,8.31
ORD1064,2025-03-01,CUST377,Facebook Ads,Beauty,3,152.74,New,458.22,13.13
ORD1065,2025-01-14,CUST346,Google Ads,Sports,2,112.2,New,224.4,12.18
ORD1066,2025-04-24,CUST175,Organic,Beauty,2,142.44,New,284.88,0.0
ORD1067,2025-01-09,CUST253,Instagram,Sports,2,27.5,New,55.0,6.0
ORD1068,2025-03-31,CUST243,Instagram,Sports,4,35.26,New,141.04,21.87
ORD1069,2025-02-22,CUST185,Instagram,Electronics,3,148.94,New,446.82,24.62
ORD1070,2025-01-02,CUST284,Instagram,Fashion,3,32.98,New,98.94,20.86
ORD1071,2025-03-25,CUST384,Instagram,Sports,1,32.83,New,32.83,22.08
ORD1072,2025-04-02,CUST319,Facebook Ads,Sports,1,22.18,New,22.18,9.87
ORD1073,2025-04-21,CUST168,Organic,Home,3,192.17,Repeat,576.51,0.0
ORD1074,2025-03-01,CUST146,Google Ads,Fashion,3,152.75,New,458.25,27.21
ORD1075,2025-03-12,CUST193,Google Ads,Home,3,83.59,New,250.77,11.94
ORD1076,2025-02-13,CUST337,Google Ads,Fashion,4,73.38,New,293.52,27.03
ORD1077,2025-01-08,CUST303,Google Ads,Home,3,82.95,Repeat,248.85000000000002,27.9
ORD1078,2025-02-16,CUST317,Facebook Ads,Sports,1,159.44,New,159.44,17.39
ORD1079,2025-02-04,CUST138,Email,Sports,4,139.05,New,556.2,5.91
ORD1080,2025-03-19,CUST199,Organic,Electronics,3,53.34,New,160.02,0.0
ORD1081,2025-03-22,CUST388,Instagram,Home,1,51.34,New,51.34,16.39
ORD1082,2025-02-05,CUST353,Email,Beauty,4,37.71,New,150.84,2.3
ORD1083,2025-02-19,CUST321,Google Ads,Electronics,3,138.85,New,416.54999999999995,16.74
ORD1084,2025-04-14,CUST122,Email,Home,3,157.59,Repeat,472.77,3.97
ORD1085,2025-01-04,CUST349,Organic,Home,3,67.71,New,203.13,0.0
ORD1086,2025-01-02,CUST109,Instagram,Electronics,4,23.77,Repeat,95.08,6.46
ORD1087,2025-01-06,CUST345,Instagram,Sports,1,34.79,Repeat,34.79,17.45
ORD1088,2025-02-23,CUST199,Organic,Home,1,194.21,New,194.21,0.0
ORD1089,2025-04-16,CUST389,Organic,Sports,2,73.18,New,146.36,0.0
ORD1090,2025-01-04,CUST279,Google Ads,Electronics,3,158.46,New,475.38,27.62
ORD1091,2025-02-23,CUST322,Instagram,Sports,2,132.44,New,264.88,8.8
ORD1092,2025-04-03,CUST349,Email,Fashion,2,88.75,New,177.5,4.96
ORD1093,2025-03-04,CUST246,Facebook Ads,Beauty,1,57.02,Repeat,57.02,20.53
ORD1094,2025-01-18,CUST195,Facebook Ads,Home,4,41.85,Repeat,167.4,21.1
ORD1095,2025-03-31,CUST356,Organic,Beauty,4,130.7,New,522.8,0.0
ORD1096,2025-02-13,CUST103,Google Ads,Sports,1,159.43,New,159.43,27.2
ORD1097,2025-02-03,CUST115,Facebook Ads,Home,4,135.9,Repeat,543.6,14.34
ORD1098,2025-03-15,CUST379,Instagram,Sports,2,115.45,Repeat,230.9,24.55
ORD1099,2025-03-03,CUST346,Organic,Fashion,3,27.55,Repeat,82.65,0.0
ORD1100,2025-04-10,CUST357,Email,Electronics,1,194.33,New,194.33,4.79
ORD1101,2025-01-14,CUST259,Organic,Home,3,163.77,New,491.31000000000006,0.0
ORD1102,2025-04-05,CUST251,Email,Fashion,4,72.71,New,290.84,1.81
ORD1103,2025-02-17,CUST277,Organic,Fashion,3,196.39,New,589.17,0.0
ORD1104,2025-01-15,CUST262,Organic,Home,4,128.34,New,513.36,0.0
ORD1105,2025-03-13,CUST132,Organic,Sports,4,124.84,New,499.36,0.0
ORD1106,2025-03-19,CUST278,Email,Fashion,2,154.65,Repeat,309.3,3.38
ORD1107,2025-03-28,CUST200,Email,Beauty,4,166.12,New,664.48,4.59
ORD1108,2025-03-03,CUST367,Organic,Fashion,2,138.17,New,276.34,0.0
ORD1109,2025-02-09,CUST164,Facebook Ads,Sports,2,43.06,New,86.12,9.96
ORD1110,2025-03-26,CUST267,Google Ads,Sports,2,80.89,New,161.78,20.81
ORD1111,2025-03-21,CUST142,Google Ads,Beauty,1,187.06,New,187.06,21.33
ORD1112,2025-04-19,CUST143,Google Ads,Fashion,1,60.43,New,60.43,11.25
ORD1113,2025-03-23,CUST384,Email,Sports,4,86.99,Repeat,347.96,3.83
ORD1114,2025-04-21,CUST111,Email,Home,2,97.77,New,195.54,4.86
ORD1115,2025-02-22,CUST194,Facebook Ads,Electronics,1,99.09,New,99.09,13.98
ORD1116,2025-01-24,CUST352,Google Ads,Electronics,2,130.33,New,260.66,8.24
ORD1117,2025-01-26,CUST341,Google Ads,Electronics,3,189.75,Repeat,569.25,8.18
ORD1118,2025-03-30,CUST134,Organic,Fashion,3,63.32,Repeat,189.96,0.0
ORD1119,2025-03-01,CUST314,Email,Beauty,3,41.87,Repeat,125.60999999999999,2.79
ORD1120,2025-04-19,CUST189,Google Ads,Sports,4,55.54,New,222.16,26.52
ORD1121,2025-02-10,CUST363,Facebook Ads,Home,2,179.65,New,359.3,9.66
ORD1122,2025-01-29,CUST192,Facebook Ads,Home,3,136.25,New,408.75,16.15
ORD1123,2025-01-15,CUST189,Google Ads,Fashion,1,71.46,New,71.46,12.44
ORD1124,2025-02-14,CUST214,Email,Electronics,3,166.87,Repeat,500.61,2.61
ORD1125,2025-03-06,CUST204,Facebook Ads,Fashion,3,175.05,New,525.1500000000001,19.57
ORD1126,2025-03-30,CUST295,Organic,Beauty,3,172.37,Repeat,517.11,0.0
ORD1127,2025-03-12,CUST213,Facebook Ads,Beauty,4,185.41,Repeat,741.64,17.66
ORD1128,2025-01-09,CUST174,Instagram,Sports,1,65.4,New,65.4,6.91
ORD1129,2025-03-29,CUST316,Instagram,Sports,2,155.91,Repeat,311.82,13.57
ORD1130,2025-01-01,CUST376,Email,Beauty,1,102.9,New,102.9,1.15
ORD1131,2025-04-18,CUST348,Google Ads,Beauty,2,171.56,New,343.12,17.62
ORD1132,2025-01-08,CUST263,Email,Beauty,4,151.13,New,604.52,4.31
ORD1133,2025-03-29,CUST291,Email,Fashion,4,159.76,New,639.04,1.59
ORD1134,2025-03-04,CUST326,Email,Beauty,4,138.11,New,552.44,2.44
ORD1135,2025-01-11,CUST276,Email,Home,4,51.94,New,207.76,2.99
ORD1136,2025-04-25,CUST198,Organic,Electronics,2,118.1,New,236.2,0.0
ORD1137,2025-03-22,CUST135,Organic,Beauty,3,197.24,New,591.72,0.0
ORD1138,2025-01-08,CUST195,Facebook Ads,Electronics,2,188.73,New,377.46,20.71
ORD1139,2025-02-04,CUST251,Instagram,Fashion,1,27.77,New,27.77,24.87
ORD1140,2025-02-04,CUST250,Email,Electronics,4,49.67,New,198.68,1.22
ORD1141,2025-02-02,CUST289,Facebook Ads,Fashion,4,43.71,New,174.84,18.18
ORD1142,2025-01-05,CUST323,Instagram,Home,1,150.68,Repeat,150.68,12.43
ORD1143,2025-04-16,CUST136,Google Ads,Fashion,2,167.2,Repeat,334.4,15.85
ORD1144,2025-04-13,CUST367,Organic,Fashion,3,58.43,Repeat,175.29,0.0
ORD1145,2025-02-10,CUST282,Instagram,Sports,3,111.05,Repeat,333.15,20.09
ORD1146,2025-01-28,CUST112,Google Ads,Beauty,1,171.33,New,171.33,26.37
ORD1147,2025-01-07,CUST378,Instagram,Beauty,3,151.9,Repeat,455.70000000000005,24.02
ORD1148,2025-03-14,CUST316,Organic,Home,2,117.6,New,235.2,0.0
ORD1149,2025-03-13,CUST385,Organic,Home,2,126.26,New,252.52,0.0
ORD1150,2025-01-12,CUST372,Facebook Ads,Beauty,1,111.5,Repeat,111.5,15.23
ORD1151,2025-02-03,CUST161,Email,Sports,2,73.56,New,147.12,2.79
ORD1152,2025-02-02,CUST183,Instagram,Beauty,4,121.7,Repeat,486.8,20.75
ORD1153,2025-02-17,CUST316,Instagram,Sports,1,144.0,Repeat,144.0,10.02
ORD1154,2025-04-29,CUST286,Google Ads,Home,2,177.2,Repeat,354.4,19.28
ORD1155,2025-01-23,CUST118,Organic,Electronics,1,134.53,Repeat,134.53,0.0
ORD1156,2025-03-03,CUST276,Instagram,Home,3,157.0,New,471.0,12.17
ORD1157,2025-03-29,CUST199,Organic,Home,2,48.81,New,97.62,0.0
ORD1158,2025-02-06,CUST332,Instagram,Fashion,4,103.08,New,412.32,18.13
ORD1159,2025-04-09,CUST175,Facebook Ads,Fashion,2,21.68,New,43.36,9.85
ORD1160,2025-02-13,CUST364,Email,Fashion,1,64.4,New,64.4,1.96
ORD1161,2025-04-14,CUST383,Instagram,Fashion,1,150.76,Repeat,150.76,23.36
ORD1162,2025-03-27,CUST305,Organic,Sports,2,198.53,Repeat,397.06,0.0
ORD1163,2025-04-01,CUST322,Facebook Ads,Beauty,4,37.85,New,151.4,7.63
ORD1164,2025-02-04,CUST151,Instagram,Electronics,4,92.27,New,369.08,15.12
ORD1165,2025-03-06,CUST243,Google Ads,Home,4,164.01,New,656.04,12.42
ORD1166,2025-04-09,CUST168,Email,Sports,1,56.73,New,56.73,1.19
ORD1167,2025-04-11,CUST198,Instagram,Electronics,2,119.92,Repeat,239.84,5.72
ORD1168,2025-02-16,CUST124,Facebook Ads,Sports,3,151.95,New,455.84999999999997,8.8
ORD1169,2025-03-19,CUST152,Google Ads,Sports,1,130.88,New,130.88,25.34
ORD1170,2025-01-03,CUST250,Facebook Ads,Home,4,53.84,New,215.36,10.52
ORD1171,2025-01-01,CUST243,Facebook Ads,Beauty,2,83.97,New,167.94,21.21
ORD1172,2025-01-05,CUST156,Google Ads,Fashion,4,161.08,New,644.32,19.63
ORD1173,2025-03-31,CUST138,Facebook Ads,Beauty,3,119.76,New,359.28000000000003,12.99
ORD1174,2025-04-29,CUST208,Google Ads,Home,4,20.94,New,83.76,19.6
ORD1175,2025-01-14,CUST280,Instagram,Home,4,156.98,New,627.92,15.33
ORD1176,2025-04-13,CUST141,Google Ads,Home,3,26.36,New,79.08,23.18
ORD1177,2025-01-27,CUST285,Google Ads,Electronics,2,154.23,Repeat,308.46,13.65
ORD1178,2025-01-09,CUST322,Email,Beauty,1,56.45,New,56.45,2.77
ORD1179,2025-03-20,CUST221,Google Ads,Beauty,2,192.45,New,384.9,25.88
ORD1180,2025-01-15,CUST232,Google Ads,Sports,3,86.23,New,258.69,26.93
ORD1181,2025-03-31,CUST262,Instagram,Sports,4,78.85,Repeat,315.4,22.85
ORD1182,2025-02-11,CUST314,Email,Sports,2,46.8,New,93.6,3.1
ORD1183,2025-03-18,CUST320,Organic,Home,1,75.01,Repeat,75.01,0.0
ORD1184,2025-02-20,CUST334,Instagram,Beauty,3,177.8,New,533.4000000000001,20.61
ORD1185,2025-03-04,CUST245,Instagram,Home,2,199.34,New,398.68,14.53
ORD1186,2025-04-06,CUST338,Organic,Electronics,1,86.3,New,86.3,0.0
ORD1187,2025-04-13,CUST175,Google Ads,Sports,3,100.75,New,302.25,17.95
ORD1188,2025-04-23,CUST108,Facebook Ads,Home,1,149.97,Repeat,149.97,9.27
ORD1189,2025-02-21,CUST173,Email,Home,3,179.52,New,538.5600000000001,3.96
ORD1190,2025-04-06,CUST352,Facebook Ads,Electronics,4,126.75,New,507.0,8.98
ORD1191,2025-01-04,CUST329,Organic,Fashion,2,90.47,New,180.94,0.0
ORD1192,2025-04-04,CUST106,Instagram,Beauty,1,94.27,New,94.27,11.63
ORD1193,2025-04-11,CUST273,Instagram,Fashion,3,145.21,New,435.63,22.1
ORD1194,2025-01-23,CUST240,Email,Sports,1,20.58,New,20.58,2.04
ORD1195,2025-04-13,CUST267,Instagram,Home,1,131.53,Repeat,131.53,6.42
ORD1196,2025-04-19,CUST269,Instagram,Electronics,2,83.99,New,167.98,6.38
ORD1197,2025-01-15,CUST382,Email,Electronics,4,162.96,New,651.84,5.7
ORD1198,2025-02-12,CUST221,Email,Beauty,1,36.74,Repeat,36.74,3.53
ORD1199,2025-01-29,CUST293,Organic,Fashion,3,125.88,New,377.64,0.0
ORD1200,2025-02-05,CUST104,Instagram,Beauty,3,106.58,Repeat,319.74,13.19
ORD1201,2025-01-13,CUST128,Instagram,Home,4,135.62,New,542.48,21.22
ORD1202,2025-02-01,CUST264,Organic,Beauty,3,31.67,Repeat,95.01,0.0
ORD1203,2025-03-12,CUST235,Google Ads,Electronics,4,124.4,New,497.6,24.72
ORD1204,2025-02-28,CUST244,Google Ads,Electronics,3,121.07,Repeat,363.21,14.64
ORD1205,2025-04-25,CUST316,Google Ads,Sports,2,120.92,Repeat,241.84,21.87
ORD1206,2025-03-27,CUST231,Organic,Sports,1,128.63,New,128.63,0.0
ORD1207,2025-01-28,CUST391,Instagram,Home,2,141.76,Repeat,283.52,20.42
ORD1208,2025-03-07,CUST169,Organic,Fashion,1,164.9,New,164.9,0.0
ORD1209,2025-02-11,CUST351,Organic,Beauty,1,68.57,New,68.57,0.0
ORD1210,2025-02-14,CUST374,Google Ads,Home,1,168.51,New,168.51,21.09
ORD1211,2025-03-03,CUST281,Facebook Ads,Sports,2,109.69,New,219.38,8.43
ORD1212,2025-02-26,CUST266,Instagram,Beauty,1,33.87,New,33.87,22.52
ORD1213,2025-04-27,CUST190,Google Ads,Sports,2,30.54,New,61.08,18.78
ORD1214,2025-01-06,CUST301,Facebook Ads,Beauty,4,80.16,New,320.64,10.52
ORD1215,2025-01-28,CUST118,Facebook Ads,Fashion,3,161.28,Repeat,483.84000000000003,12.8
ORD1216,2025-01-28,CUST138,Email,Home,3,147.38,Repeat,442.14,1.19
ORD1217,2025-04-18,CUST225,Instagram,Beauty,1,161.95,New,161.95,7.56
ORD1218,2025-02-13,CUST272,Facebook Ads,Electronics,2,113.11,New,226.22,18.25
ORD1219,2025-03-25,CUST240,Google Ads,Electronics,3,99.24,New,297.71999999999997,8.0
ORD1220,2025-01-30,CUST341,Email,Beauty,2,46.54,New,93.08,3.08
ORD1221,2025-03-03,CUST319,Instagram,Beauty,2,79.07,New,158.14,15.45
ORD1222,2025-03-16,CUST225,Organic,Beauty,1,98.12,New,98.12,0.0
ORD1223,2025-04-29,CUST157,Google Ads,Electronics,3,35.95,New,107.85000000000001,9.09
ORD1224,2025-04-02,CUST247,Facebook Ads,Electronics,1,59.71,Repeat,59.71,21.57
ORD1225,2025-03-30,CUST100,Facebook Ads,Beauty,1,127.68,New,127.68,9.62
ORD1226,2025-04-13,CUST289,Google Ads,Sports,3,152.42,New,457.26,14.08
ORD1227,2025-03-03,CUST290,Facebook Ads,Sports,3,199.7,New,599.0999999999999,10.86
ORD1228,2025-04-07,CUST216,Email,Fashion,4,187.96,New,751.84,2.15
ORD1229,2025-01-01,CUST233,Instagram,Home,4,135.66,New,542.64,5.03
ORD1230,2025-01-27,CUST157,Email,Sports,2,95.82,New,191.64,4.65
ORD1231,2025-03-03,CUST143,Facebook Ads,Electronics,3,134.51,New,403.53,21.47
ORD1232,2025-04-26,CUST272,Organic,Sports,4,161.42,New,645.68,0.0
ORD1233,2025-03-18,CUST259,Instagram,Fashion,2,41.3,Repeat,82.6,9.49
ORD1234,2025-04-15,CUST272,Instagram,Fashion,2,93.78,Repeat,187.56,18.26
ORD1235,2025-01-03,CUST248,Google Ads,Home,2,171.16,New,342.32,22.84
ORD1236,2025-04-13,CUST179,Google Ads,Sports,4,89.09,New,356.36,24.97
ORD1237,2025-03-11,CUST312,Organic,Electronics,3,122.94,New,368.82,0.0
ORD1238,2025-03-13,CUST302,Instagram,Electronics,1,125.8,New,125.8,13.45
ORD1239,2025-01-27,CUST351,Organic,Beauty,2,53.21,New,106.42,0.0
ORD1240,2025-01-09,CUST328,Google Ads,Electronics,4,85.2,New,340.8,14.06
ORD1241,2025-03-03,CUST263,Google Ads,Home,4,80.21,New,320.84,14.51
ORD1242,2025-02-06,CUST326,Instagram,Home,1,24.72,New,24.72,19.25
ORD1243,2025-04-07,CUST246,Email,Electronics,1,24.35,New,24.35,5.08
ORD1244,2025-02-20,CUST119,Facebook Ads,Electronics,4,169.71,Repeat,678.84,8.91
ORD1245,2025-04-16,CUST146,Google Ads,Beauty,3,69.15,Repeat,207.45000000000002,15.42
ORD1246,2025-02-13,CUST332,Google Ads,Electronics,1,113.25,Repeat,113.25,26.04
ORD1247,2025-01-24,CUST113,Email,Beauty,4,73.77,New,295.08,5.03
ORD1248,2025-03-20,CUST242,Email,Beauty,1,189.32,Repeat,189.32,5.92
ORD1249,2025-02-28,CUST100,Organic,Electronics,3,66.67,New,200.01,0.0
ORD1250,2025-04-28,CUST153,Organic,Fashion,2,97.34,Repeat,194.68,0.0
ORD1251,2025-02-01,CUST358,Facebook Ads,Fashion,1,177.09,New,177.09,18.07
ORD1252,2025-04-06,CUST243,Facebook Ads,Beauty,3,171.55,Repeat,514.6500000000001,12.29
ORD1253,2025-03-29,CUST111,Instagram,Electronics,4,53.5,New,214.0,16.81
ORD1254,2025-04-15,CUST323,Organic,Fashion,1,164.48,Repeat,164.48,0.0
ORD1255,2025-02-21,CUST371,Google Ads,Electronics,1,102.47,Repeat,102.47,21.22
ORD1256,2025-04-23,CUST255,Organic,Electronics,4,106.93,New,427.72,0.0
ORD1257,2025-03-03,CUST107,Google Ads,Electronics,2,44.03,New,88.06,9.57
ORD1258,2025-04-23,CUST221,Email,Sports,4,34.51,Repeat,138.04,3.72
ORD1259,2025-02-27,CUST263,Organic,Electronics,1,151.03,New,151.03,0.0
ORD1260,2025-02-21,CUST189,Email,Sports,4,109.36,Repeat,437.44,4.55
ORD1261,2025-01-12,CUST235,Facebook Ads,Beauty,3,98.63,New,295.89,8.68
ORD1262,2025-02-08,CUST285,Facebook Ads,Fashion,4,151.31,New,605.24,18.49
ORD1263,2025-01-02,CUST277,Instagram,Fashion,1,157.79,New,157.79,16.68
ORD1264,2025-01-03,CUST127,Organic,Fashion,4,48.6,New,194.4,0.0
ORD1265,2025-04-23,CUST319,Email,Fashion,2,129.84,Repeat,259.68,5.76
ORD1266,2025-04-11,CUST140,Google Ads,Fashion,4,44.36,New,177.44,8.85
ORD1267,2025-04-23,CUST327,Facebook Ads,Fashion,2,155.25,New,310.5,10.25
ORD1268,2025-02-25,CUST291,Facebook Ads,Fashion,3,138.25,New,414.75,15.62
ORD1269,2025-03-22,CUST244,Google Ads,Beauty,2,192.19,New,384.38,13.93
ORD1270,2025-02-28,CUST300,Email,Electronics,4,32.41,Repeat,129.64,4.57
ORD1271,2025-04-23,CUST311,Email,Home,1,30.27,Repeat,30.27,4.8
ORD1272,2025-01-02,CUST319,Organic,Sports,2,70.79,New,141.58,0.0
ORD1273,2025-01-02,CUST339,Organic,Home,3,67.11,Repeat,201.32999999999998,0.0
ORD1274,2025-04-02,CUST145,Instagram,Home,2,64.46,Repeat,128.92,7.05
ORD1275,2025-02-23,CUST134,Facebook Ads,Electronics,2,183.13,New,366.26,14.22
ORD1276,2025-03-28,CUST352,Organic,Electronics,2,64.92,Repeat,129.84,0.0
ORD1277,2025-04-11,CUST181,Email,Electronics,3,68.95,New,206.85000000000002,3.54
ORD1278,2025-04-06,CUST355,Google Ads,Fashion,4,156.69,New,626.76,15.39
ORD1279,2025-04-07,CUST296,Email,Beauty,2,100.95,Repeat,201.9,5.66
ORD1280,2025-01-01,CUST109,Facebook Ads,Fashion,2,159.81,New,319.62,19.24
ORD1281,2025-01-19,CUST385,Email,Beauty,1,31.77,Repeat,31.77,4.49
ORD1282,2025-01-02,CUST341,Instagram,Beauty,3,107.76,Repeat,323.28000000000003,19.29
ORD1283,2025-02-22,CUST350,Facebook Ads,Home,2,26.05,New,52.1,13.39
ORD1284,2025-02-13,CUST104,Google Ads,Home,3,31.28,Repeat,93.84,26.42
ORD1285,2025-03-31,CUST218,Instagram,Beauty,2,183.16,New,366.32,18.89
ORD1286,2025-02-01,CUST388,Facebook Ads,Beauty,4,45.06,New,180.24,17.66
ORD1287,2025-03-11,CUST164,Google Ads,Fashion,4,115.84,New,463.36,25.23
ORD1288,2025-02-01,CUST245,Instagram,Fashion,2,94.0,Repeat,188.0,10.48
ORD1289,2025-04-29,CUST323,Instagram,Home,4,82.52,New,330.08,21.14
ORD1290,2025-03-09,CUST338,Facebook Ads,Electronics,2,181.97,New,363.94,9.12
ORD1291,2025-02-24,CUST276,Organic,Beauty,4,23.93,Repeat,95.72,0.0
ORD1292,2025-03-16,CUST366,Instagram,Fashion,1,139.48,Repeat,139.48,11.91
ORD1293,2025-02-25,CUST381,Instagram,Home,1,193.41,Repeat,193.41,11.71
ORD1294,2025-01-17,CUST162,Google Ads,Fashion,1,120.83,New,120.83,27.57
ORD1295,2025-02-07,CUST316,Email,Beauty,3,188.63,New,565.89,5.28
ORD1296,2025-01-24,CUST382,Facebook Ads,Beauty,3,29.41,New,88.23,17.22
ORD1297,2025-03-10,CUST276,Facebook Ads,Sports,1,95.38,Repeat,95.38,17.63
ORD1298,2025-04-26,CUST197,Organic,Electronics,3,66.83,New,200.49,0.0
ORD1299,2025-04-08,CUST204,Organic,Sports,4,151.55,New,606.2,0.0
ORD1300,2025-03-11,CUST198,Facebook Ads,Home,2,196.63,Repeat,393.26,14.99
ORD1301,2025-03-27,CUST105,Organic,Fashion,2,66.18,New,132.36,0.0
ORD1302,2025-01-11,CUST296,Google Ads,Home,2,137.75,Repeat,275.5,26.94
ORD1303,2025-04-22,CUST232,Facebook Ads,Beauty,1,55.66,Repeat,55.66,13.94
ORD1304,2025-01-16,CUST358,Organic,Sports,3,121.76,Repeat,365.28000000000003,0.0
ORD1305,2025-04-07,CUST122,Facebook Ads,Sports,4,103.51,New,414.04,12.09
ORD1306,2025-03-14,CUST152,Email,Sports,4,194.96,New,779.84,1.82
ORD1307,2025-02-28,CUST264,Instagram,Home,1,129.53,Repeat,129.53,20.72
ORD1308,2025-03-11,CUST301,Facebook Ads,Beauty,4,82.91,Repeat,331.64,17.75
ORD1309,2025-03-21,CUST182,Instagram,Fashion,4,40.54,Repeat,162.16,12.69
ORD1310,2025-04-03,CUST244,Organic,Fashion,4,47.22,New,188.88,0.0
ORD1311,2025-01-03,CUST184,Instagram,Home,4,60.56,Repeat,242.24,5.5
ORD1312,2025-01-20,CUST177,Facebook Ads,Sports,3,65.17,Repeat,195.51,19.42
ORD1313,2025-02-28,CUST100,Email,Electronics,4,173.11,Repeat,692.44,1.06
ORD1314,2025-02-05,CUST150,Organic,Home,2,121.02,Repeat,242.04,0.0
ORD1315,2025-01-19,CUST272,Facebook Ads,Home,1,114.21,Repeat,114.21,17.26
ORD1316,2025-03-31,CUST304,Organic,Beauty,3,40.66,New,121.97999999999999,0.0
ORD1317,2025-03-08,CUST359,Google Ads,Fashion,4,174.83,New,699.32,27.41
ORD1318,2025-01-19,CUST387,Instagram,Home,3,150.11,New,450.33000000000004,13.75
ORD1319,2025-01-20,CUST133,Google Ads,Home,4,32.18,New,128.72,12.7
ORD1320,2025-04-06,CUST194,Facebook Ads,Sports,2,147.41,New,294.82,17.28
ORD1321,2025-03-12,CUST171,Email,Sports,1,117.84,New,117.84,5.09
ORD1322,2025-02-21,CUST138,Organic,Electronics,4,34.71,New,138.84,0.0
ORD1323,2025-04-15,CUST253,Instagram,Beauty,4,102.49,New,409.96,15.93
ORD1324,2025-02-02,CUST349,Organic,Electronics,4,107.25,New,429.0,0.0
ORD1325,2025-02-09,CUST261,Facebook Ads,Sports,4,49.84,Repeat,199.36,21.47
ORD1326,2025-02-08,CUST217,Organic,Fashion,1,190.23,Repeat,190.23,0.0
ORD1327,2025-03-23,CUST358,Instagram,Sports,1,173.0,New,173.0,6.03
ORD1328,2025-04-14,CUST367,Facebook Ads,Beauty,2,140.42,Repeat,280.84,14.08
ORD1329,2025-01-01,CUST153,Organic,Sports,1,103.21,New,103.21,0.0
ORD1330,2025-01-11,CUST335,Email,Beauty,4,94.12,New,376.48,4.59
ORD1331,2025-04-02,CUST321,Facebook Ads,Beauty,2,137.18,New,274.36,19.8
ORD1332,2025-02-26,CUST350,Facebook Ads,Beauty,2,118.18,New,236.36,8.87
ORD1333,2025-03-30,CUST211,Email,Beauty,2,31.21,Repeat,62.42,5.0
ORD1334,2025-02-19,CUST354,Google Ads,Beauty,4,112.25,Repeat,449.0,19.05
ORD1335,2025-01-23,CUST306,Instagram,Fashion,3,165.15,New,495.45000000000005,12.93
ORD1336,2025-01-31,CUST328,Google Ads,Electronics,4,102.66,New,410.64,10.63
ORD1337,2025-04-04,CUST165,Organic,Home,1,29.35,New,29.35,0.0
ORD1338,2025-02-11,CUST174,Email,Electronics,1,161.53,New,161.53,5.33
ORD1339,2025-04-09,CUST202,Google Ads,Beauty,4,56.25,New,225.0,11.15
ORD1340,2025-01-07,CUST291,Facebook Ads,Fashion,4,66.55,New,266.2,10.96
ORD1341,2025-01-16,CUST351,Organic,Sports,2,49.65,Repeat,99.3,0.0
ORD1342,2025-03-31,CUST325,Organic,Fashion,4,79.44,Repeat,317.76,0.0
ORD1343,2025-04-22,CUST393,Google Ads,Beauty,2,156.22,New,312.44,13.8
ORD1344,2025-04-26,CUST197,Google Ads,Fashion,1,113.49,Repeat,113.49,25.43
ORD1345,2025-03-01,CUST385,Email,Fashion,2,56.88,New,113.76,4.36
ORD1346,2025-04-23,CUST348,Instagram,Beauty,4,178.01,New,712.04,20.93
ORD1347,2025-01-02,CUST265,Google Ads,Fashion,1,178.32,New,178.32,13.01
ORD1348,2025-01-01,CUST129,Google Ads,Home,3,176.7,New,530.0999999999999,20.5
ORD1349,2025-02-17,CUST346,Facebook Ads,Home,2,62.98,Repeat,125.96,15.15
ORD1350,2025-01-12,CUST205,Organic,Fashion,1,101.22,New,101.22,0.0
ORD1351,2025-03-10,CUST150,Instagram,Sports,2,197.3,New,394.6,21.66
ORD1352,2025-02-06,CUST180,Facebook Ads,Beauty,1,158.96,New,158.96,20.5
ORD1353,2025-02-01,CUST232,Email,Home,1,24.89,New,24.89,1.06
ORD1354,2025-04-29,CUST384,Email,Sports,2,31.74,Repeat,63.48,4.37
ORD1355,2025-01-09,CUST237,Google Ads,Fashion,3,103.51,New,310.53000000000003,9.04
ORD1356,2025-04-15,CUST283,Google Ads,Sports,1,183.66,New,183.66,18.98
ORD1357,2025-04-09,CUST372,Email,Electronics,1,116.97,New,116.97,2.44
ORD1358,2025-01-19,CUST168,Google Ads,Home,1,109.61,New,109.61,14.14
ORD1359,2025-02-17,CUST133,Instagram,Fashion,3,38.99,New,116.97,12.06
ORD1360,2025-03-21,CUST361,Google Ads,Beauty,3,138.22,Repeat,414.65999999999997,20.43
ORD1361,2025-01-03,CUST152,Organic,Fashion,4,167.98,New,671.92,0.0
ORD1362,2025-01-20,CUST304,Google Ads,Beauty,2,88.48,Repeat,176.96,14.68
ORD1363,2025-01-24,CUST225,Facebook Ads,Fashion,3,159.61,Repeat,478.83000000000004,17.72
ORD1364,2025-02-23,CUST334,Instagram,Sports,2,193.61,Repeat,387.22,13.09
ORD1365,2025-04-30,CUST142,Facebook Ads,Sports,4,56.68,New,226.72,7.09
ORD1366,2025-02-02,CUST339,Facebook Ads,Sports,2,114.2,New,228.4,18.54
ORD1367,2025-01-24,CUST210,Organic,Electronics,3,71.68,New,215.04000000000002,0.0
ORD1368,2025-04-26,CUST348,Instagram,Beauty,2,162.71,Repeat,325.42,10.72
ORD1369,2025-03-16,CUST250,Instagram,Sports,3,123.97,New,371.90999999999997,13.66
ORD1370,2025-04-23,CUST282,Instagram,Electronics,2,134.22,New,268.44,18.71
ORD1371,2025-03-13,CUST194,Instagram,Beauty,3,163.62,New,490.86,11.65
ORD1372,2025-02-05,CUST107,Instagram,Fashion,3,91.27,New,273.81,6.13
ORD1373,2025-02-07,CUST283,Organic,Electronics,2,184.72,New,369.44,0.0
ORD1374,2025-04-14,CUST380,Google Ads,Home,4,115.95,New,463.8,15.48
ORD1375,2025-03-25,CUST294,Facebook Ads,Electronics,1,48.43,Repeat,48.43,21.11
ORD1376,2025-04-09,CUST294,Instagram,Electronics,4,145.26,New,581.04,17.83
ORD1377,2025-04-22,CUST254,Google Ads,Beauty,2,162.79,New,325.58,21.43
ORD1378,2025-03-30,CUST192,Google Ads,Fashion,4,77.02,New,308.08,20.65
ORD1379,2025-04-09,CUST259,Facebook Ads,Home,3,174.29,New,522.87,9.18
ORD1380,2025-01-25,CUST160,Organic,Sports,1,183.11,New,183.11,0.0
ORD1381,2025-04-03,CUST221,Email,Sports,2,69.84,Repeat,139.68,3.09
ORD1382,2025-01-18,CUST150,Email,Electronics,2,197.03,New,394.06,4.75
ORD1383,2025-04-20,CUST376,Google Ads,Beauty,2,45.33,Repeat,90.66,10.03
ORD1384,2025-03-23,CUST104,Facebook Ads,Beauty,1,56.36,New,56.36,10.45
ORD1385,2025-03-07,CUST191,Email,Sports,3,53.16,New,159.48,2.38
ORD1386,2025-02-23,CUST269,Google Ads,Home,2,180.92,Repeat,361.84,16.64
ORD1387,2025-02-04,CUST121,Organic,Fashion,4,137.77,New,551.08,0.0
ORD1388,2025-03-21,CUST100,Email,Home,2,47.38,New,94.76,5.9
ORD1389,2025-03-02,CUST232,Google Ads,Fashion,2,99.26,New,198.52,9.35
ORD1390,2025-02-10,CUST332,Google Ads,Sports,2,130.75,New,261.5,18.37
ORD1391,2025-04-10,CUST111,Instagram,Fashion,2,35.02,Repeat,70.04,8.59
ORD1392,2025-02-02,CUST145,Organic,Beauty,3,178.83,New,536.49,0.0
ORD1393,2025-03-09,CUST133,Instagram,Electronics,4,164.65,Repeat,658.6,24.41
ORD1394,2025-02-02,CUST177,Facebook Ads,Electronics,3,110.94,Repeat,332.82,7.81
ORD1395,2025-01-14,CUST317,Instagram,Sports,4,194.08,New,776.32,13.07
ORD1396,2025-01-21,CUST172,Instagram,Beauty,2,95.2,Repeat,190.4,19.76
ORD1397,2025-02-17,CUST381,Email,Home,1,197.14,New,197.14,4.52
ORD1398,2025-01-20,CUST348,Google Ads,Beauty,3,140.23,Repeat,420.68999999999994,16.45
ORD1399,2025-04-30,CUST146,Organic,Electronics,1,134.24,New,134.24,0.0
ORD1400,2025-01-08,CUST220,Instagram,Electronics,3,49.87,Repeat,149.60999999999999,11.93
ORD1401,2025-01-07,CUST313,Organic,Beauty,2,178.75,New,357.5,0.0
ORD1402,2025-03-08,CUST338,Instagram,Beauty,3,96.95,New,290.85,12.95
ORD1403,2025-01-17,CUST155,Facebook Ads,Electronics,2,49.2,New,98.4,10.23
ORD1404,2025-02-02,CUST206,Instagram,Home,3,22.27,Repeat,66.81,9.11
ORD1405,2025-02-17,CUST147,Email,Sports,2,120.76,New,241.52,3.42
ORD1406,2025-03-17,CUST160,Google Ads,Sports,2,114.93,New,229.86,13.37
ORD1407,2025-02-28,CUST125,Facebook Ads,Beauty,4,149.48,Repeat,597.92,10.6
ORD1408,2025-04-25,CUST391,Instagram,Sports,2,180.25,Repeat,360.5,18.14
ORD1409,2025-03-27,CUST356,Organic,Electronics,4,34.29,Repeat,137.16,0.0
ORD1410,2025-04-29,CUST107,Facebook Ads,Electronics,2,151.67,Repeat,303.34,21.5
ORD1411,2025-01-22,CUST212,Facebook Ads,Beauty,1,53.73,Repeat,53.73,15.66
ORD1412,2025-04-20,CUST352,Instagram,Beauty,2,174.47,Repeat,348.94,6.54
ORD1413,2025-01-30,CUST279,Facebook Ads,Beauty,1,167.43,New,167.43,7.21
ORD1414,2025-02-07,CUST306,Organic,Home,1,117.34,New,117.34,0.0
ORD1415,2025-04-12,CUST226,Facebook Ads,Sports,2,147.84,Repeat,295.68,21.22
ORD1416,2025-04-19,CUST155,Organic,Beauty,1,76.58,New,76.58,0.0
ORD1417,2025-02-20,CUST313,Instagram,Fashion,4,104.81,New,419.24,10.95
ORD1418,2025-02-23,CUST113,Google Ads,Fashion,3,167.89,New,503.66999999999996,9.84
ORD1419,2025-01-08,CUST127,Facebook Ads,Electronics,2,102.67,Repeat,205.34,15.58
ORD1420,2025-01-27,CUST177,Google Ads,Sports,1,84.4,New,84.4,20.47
ORD1421,2025-01-27,CUST315,Organic,Beauty,2,108.96,New,217.92,0.0
ORD1422,2025-04-08,CUST253,Facebook Ads,Fashion,4,169.08,New,676.32,16.38
ORD1423,2025-01-21,CUST113,Email,Sports,2,80.34,New,160.68,2.34
ORD1424,2025-01-30,CUST286,Google Ads,Electronics,2,51.28,New,102.56,8.3
ORD1425,2025-04-07,CUST106,Facebook Ads,Home,1,148.16,New,148.16,21.44
ORD1426,2025-01-28,CUST102,Google Ads,Sports,4,168.68,New,674.72,13.02
ORD1427,2025-04-21,CUST210,Facebook Ads,Sports,3,38.11,Repeat,114.33,16.82
ORD1428,2025-03-05,CUST337,Instagram,Home,3,63.18,New,189.54,19.13
ORD1429,2025-04-07,CUST338,Google Ads,Sports,1,45.55,Repeat,45.55,20.2
ORD1430,2025-03-10,CUST373,Email,Electronics,2,82.63,Repeat,165.26,2.56
ORD1431,2025-03-02,CUST393,Email,Electronics,1,101.06,New,101.06,2.36
ORD1432,2025-02-17,CUST326,Organic,Home,1,154.79,Repeat,154.79,0.0
ORD1433,2025-01-19,CUST114,Facebook Ads,Beauty,1,137.21,New,137.21,15.56
ORD1434,2025-01-04,CUST291,Google Ads,Fashion,2,131.77,Repeat,263.54,25.32
ORD1435,2025-02-04,CUST218,Organic,Beauty,4,83.43,New,333.72,0.0
ORD1436,2025-03-05,CUST127,Google Ads,Sports,1,171.46,Repeat,171.46,26.93
ORD1437,2025-02-18,CUST301,Facebook Ads,Fashion,2,104.83,New,209.66,7.69
ORD1438,2025-01-17,CUST138,Email,Home,4,196.24,New,784.96,1.77
ORD1439,2025-02-13,CUST372,Instagram,Home,1,134.15,New,134.15,23.89
ORD1440,2025-04-02,CUST330,Email,Fashion,3,42.73,Repeat,128.19,4.68
ORD1441,2025-01-30,CUST185,Organic,Electronics,4,141.71,Repeat,566.84,0.0
ORD1442,2025-04-03,CUST225,Instagram,Fashion,1,78.52,New,78.52,22.66
ORD1443,2025-02-15,CUST399,Organic,Sports,4,143.54,New,574.16,0.0
ORD1444,2025-04-27,CUST124,Facebook Ads,Electronics,4,32.54,New,130.16,9.24
ORD1445,2025-01-06,CUST244,Instagram,Home,4,51.48,Repeat,205.92,16.75
ORD1446,2025-04-09,CUST112,Organic,Fashion,4,174.03,New,696.12,0.0
ORD1447,2025-04-15,CUST311,Facebook Ads,Beauty,4,60.89,Repeat,243.56,17.22
ORD1448,2025-02-06,CUST124,Email,Beauty,4,170.67,New,682.68,4.4
ORD1449,2025-01-24,CUST167,Facebook Ads,Sports,1,70.27,New,70.27,12.53
ORD1450,2025-04-03,CUST166,Google Ads,Beauty,3,135.72,New,407.15999999999997,8.31
ORD1451,2025-04-23,CUST332,Facebook Ads,Fashion,2,144.95,New,289.9,15.33
ORD1452,2025-02-15,CUST208,Facebook Ads,Fashion,4,112.28,New,449.12,10.05
ORD1453,2025-02-22,CUST245,Google Ads,Beauty,2,74.96,New,149.92,17.01
ORD1454,2025-04-05,CUST210,Organic,Fashion,1,58.28,Repeat,58.28,0.0
ORD1455,2025-04-09,CUST327,Organic,Sports,4,25.97,New,103.88,0.0
ORD1456,2025-03-01,CUST210,Facebook Ads,Electronics,3,74.71,New,224.13,21.32
ORD1457,2025-04-07,CUST133,Google Ads,Sports,2,137.57,New,275.14,15.98
ORD1458,2025-04-26,CUST210,Google Ads,Sports,4,188.89,New,755.56,24.8
ORD1459,2025-03-04,CUST363,Email,Fashion,1,176.82,New,176.82,1.94
ORD1460,2025-03-26,CUST335,Organic,Electronics,3,157.89,New,473.66999999999996,0.0
ORD1461,2025-02-01,CUST182,Instagram,Fashion,2,161.92,New,323.84,18.45
ORD1462,2025-03-28,CUST141,Organic,Home,2,139.7,New,279.4,0.0
ORD1463,2025-02-02,CUST200,Organic,Fashion,4,66.85,New,267.4,0.0
ORD1464,2025-03-08,CUST105,Email,Fashion,3,183.3,New,549.9000000000001,5.89
ORD1465,2025-01-18,CUST279,Instagram,Fashion,3,140.73,New,422.18999999999994,7.04
ORD1466,2025-01-25,CUST381,Email,Electronics,3,120.88,New,362.64,1.04
ORD1467,2025-04-16,CUST325,Instagram,Fashion,3,39.98,Repeat,119.94,13.67
ORD1468,2025-04-05,CUST328,Facebook Ads,Electronics,1,100.47,New,100.47,7.48
ORD1469,2025-02-23,CUST388,Instagram,Beauty,3,102.86,Repeat,308.58,19.97
ORD1470,2025-02-27,CUST249,Email,Home,2,175.62,New,351.24,5.57
ORD1471,2025-03-08,CUST376,Organic,Electronics,2,118.4,Repeat,236.8,0.0
ORD1472,2025-04-14,CUST297,Instagram,Beauty,1,88.47,Repeat,88.47,13.68
ORD1473,2025-02-15,CUST169,Instagram,Electronics,2,195.82,New,391.64,10.17
ORD1474,2025-01-24,CUST211,Google Ads,Electronics,2,39.93,Repeat,79.86,16.69
ORD1475,2025-04-24,CUST103,Organic,Home,3,96.06,New,288.18,0.0
ORD1476,2025-02-01,CUST194,Facebook Ads,Sports,2,27.56,New,55.12,17.58
ORD1477,2025-02-16,CUST251,Email,Sports,1,153.18,Repeat,153.18,1.05
ORD1478,2025-03-27,CUST236,Facebook Ads,Electronics,3,185.25,Repeat,555.75,15.43
ORD1479,2025-01-23,CUST346,Organic,Fashion,4,70.41,New,281.64,0.0
ORD1480,2025-03-07,CUST342,Instagram,Beauty,3,174.5,New,523.5,17.27
ORD1481,2025-01-27,CUST130,Instagram,Fashion,1,72.6,New,72.6,17.75
ORD1482,2025-04-16,CUST139,Organic,Fashion,3,183.94,New,551.8199999999999,0.0
ORD1483,2025-01-02,CUST328,Instagram,Electronics,3,155.71,Repeat,467.13,9.84
ORD1484,2025-03-31,CUST135,Instagram,Electronics,1,164.88,New,164.88,19.28
ORD1485,2025-01-17,CUST322,Instagram,Electronics,3,23.24,New,69.72,6.83
ORD1486,2025-04-14,CUST105,Email,Electronics,1,193.31,New,193.31,2.0
ORD1487,2025-02-02,CUST319,Email,Sports,1,150.8,New,150.8,5.39
ORD1488,2025-01-09,CUST174,Google Ads,Electronics,4,74.86,New,299.44,22.77
ORD1489,2025-02-12,CUST103,Facebook Ads,Sports,2,169.29,New,338.58,6.22
ORD1490,2025-04-28,CUST233,Organic,Sports,2,70.67,Repeat,141.34,0.0
ORD1491,2025-02-17,CUST217,Organic,Electronics,3,177.1,Repeat,531.3,0.0
ORD1492,2025-02-08,CUST193,Organic,Home,3,40.26,New,120.78,0.0
ORD1493,2025-04-03,CUST161,Google Ads,Beauty,4,146.66,Repeat,586.64,12.97
ORD1494,2025-02-11,CUST293,Email,Fashion,4,117.33,Repeat,469.32,2.07
ORD1495,2025-04-29,CUST302,Google Ads,Sports,4,37.38,Repeat,149.52,13.42
ORD1496,2025-01-26,CUST125,Organic,Beauty,1,63.54,New,63.54,0.0
ORD1497,2025-04-09,CUST272,Facebook Ads,Home,4,22.23,New,88.92,9.96
ORD1498,2025-02-19,CUST399,Instagram,Fashion,4,104.38,New,417.52,6.25
ORD1499,2025-01-25,CUST232,Email,Fashion,3,74.23,New,222.69,3.29
ORD1500,2025-01-24,CUST217,Email,Sports,4,127.7,New,510.8,4.66
